t,mu_GeV,alpha1,alpha2,alpha3,alpha1_inv,alpha2_inv,alpha3_inv
0.0,91.2,0.016903448618432473,0.03382870146406854,0.12083735725703224,59.15952552484134,29.56069718082909,8.27558648003951
0.07113741082416591,97.92406270090986,0.016917035961708324,0.03378942416708362,0.11954351855971893,59.11201006272599,29.595058946703276,8.365154481381957
0.14227482164833183,105.14388219135664,0.016930642244068282,0.033750221987277146,0.1182775106865691,59.0645047945747,29.629434744961706,8.454692647784599
0.21341223247249774,112.89601000354702,0.01694426756659232,0.03371109505599945,0.11703843664297023,59.01700950306175,29.663824279182926,8.544201620280818
0.28454964329666366,121.21969256874874,0.016957912028866692,0.03367204349146294,0.11582543783282148,58.96952397781902,29.698227262433168,8.633682019345061
0.35568705412082957,130.15706990885053,0.016971575729055707,0.03363306739934406,0.11463769201506752,58.9220480151397,29.7326434168625,8.723134445768187
0.4268244649449955,139.75338897720383,0.016985258763969713,0.03359416687335363,0.11347441138988187,58.8745814176978,29.76707247332228,8.812559481486472
0.4979618757691614,150.05723272881966,0.016998961229129556,0.03355534199577743,0.11233484080497225,58.827123994282196,29.80151417100261,8.901957690367219
0.5690992865933273,161.12076607962675,0.017012683218827648,0.033516592837988815,0.11121825607327385,58.779675559544714,29.835968257088677,8.99132961895366
0.6402366974174932,173.0,0.01702642482618602,0.03347791946093522,0.11012396317406013,58.732235933760826,29.870434486434615,9.080675732850409
0.6402366974174932,173.0,0.01702642482618602,0.03347791946093522,0.11010329005809011,58.732235933760826,29.870434486434615,9.082380730606719
0.7377069021110687,190.7114969983098,0.01704528528921871,0.033425054260479925,0.10876163571291125,58.667249214802446,29.91767768593719,9.194418541475544
0.8351771068046441,210.23627218113478,0.017064183366653156,0.033372333493616194,0.10745277296039703,58.60227697471893,29.96494087509015,9.3064140873178
0.9326473114982196,231.75996642201346,0.0170831192719512,0.03331975711388482,0.10617550275060336,58.53731886318336,30.01222357600217,9.418368400373007
1.030117516191795,255.4872262463595,0.01710209321620559,0.033267325052031546,0.10492868418020923,58.47237454257474,30.059525328109682,9.530282475310136
1.1275877208853704,281.6436496034051,0.017121105408287554,0.03321503721728205,0.10371123099159885,58.40744368736525,30.106845687341036,9.64215727109637
1.225057925578946,310.47793084354225,0.01714015605498551,0.0331628934985391,0.10252210832334781,58.34252598354452,30.154184225331615,9.753993712712848
1.3225281302725214,342.2642252954314,0.017159245361135625,0.03311089376550782,0.10136032969163453,58.27762112807847,30.20154052868597,9.865792692686279
1.4199983349660967,377.30475592519355,0.017178373529744884,0.03305903786975454,0.10022495418291982,58.2127288283998,30.2489141982832,9.977555072511256
1.517468539659672,415.93268686170836,0.017197540762107492,0.03300732564570567,0.09911508383931796,58.147848801926834,30.296304848620853,10.089281684119507
1.6149387443532475,458.5152911093966,0.017216747257915242,0.03295575691159178,0.09802986121975893,58.08298077560842,30.343712107193703,10.200973331567257
1.7124089490468228,505.4574425669874,0.017235993215360564,0.03290433147033006,0.09696846713297529,58.01812448549869,30.391135613914635,10.312630791911715
1.8098791537403986,557.2054655542623,0.017255278831234684,0.03285304911036123,0.09593011851815612,57.95327967635316,30.43857502056389,10.42425481639258
1.907349358433974,614.2513784479393,0.01727460430102079,0.03280190960644106,0.09491406646392907,57.88844610124632,30.486029990267323,10.535846131722085
2.0048195631275494,677.1375717750394,0.017293969818982,0.03275091272038636,0.09391959435846763,57.82362352121096,30.533500197004678,10.6474054411186
2.1022897678211248,746.4619652428796,0.017313375578244757,0.03270005820177994,0.09294601615880382,57.758811704896935,30.5809853251444,10.75893342530615
2.1997599725147,822.8836927385541,0.017332821770877915,0.032649345788637166,0.09199267477089244,57.69401042824832,30.628485069003325,10.87043074343145
2.2972301772082755,907.1293693506752,0.017352308587967883,0.032598775208036876,0.0910589405318258,57.62921947419731,30.675999132429393,10.981898033949696
2.3947003819018513,999.9999999999999,0.017371836219690195,0.03254834617671948,0.09014420978602221,57.56443863237353,30.723527228405224,11.09333591557048
2.3947003819018513,999.9999999999999,0.017371836219690195,0.03254834617671948,0.09014420978602221,57.56443863237353,30.723527228405224,11.09333591557048
2.487510839212187,1097.253739131672,0.017390468413693926,0.03252130885364971,0.08929034256543798,57.50276394007659,30.74906992520305,11.199419458684824
2.5803212965225226,1203.965768038435,0.01740913796769899,0.032494311304479946,0.08845270091415335,57.44109799436397,30.77461745933761,11.30547727389961
2.6731317538328585,1321.0559407667083,0.017427845043952027,0.032467345997374004,0.08763082301676797,57.37944062952461,30.800176894067075,11.411509849777996
2.7659422111431944,1449.5335706083793,0.01744658980415434,0.03244041311435994,0.08682426451863792,57.3177916845321,30.825748009890297,11.517517661037456
2.8587526684535303,1590.5061303469279,0.01746537240950589,0.03241351282956256,0.08603259770480005,57.25615100286836,30.851330593454087,11.623501169071483
2.951563125763866,1745.1887986350132,0.017484193020747385,0.032386645309504934,0.08525541072499193,57.19451843235563,30.876924437324075,11.729460822442066
3.0443735830742016,1914.9149347929783,0.017503051798200477,0.03235981071339573,0.08449230686181466,57.132893824996394,30.902529339766446,11.835397057337756
3.1371840403845375,2101.147572320677,0.017521948901803957,0.03233300919339222,0.08374290384516624,57.07127703682813,30.928145104550502,11.941310297155662
3.2299944976948733,2305.492030196299,0.017540884491157774,0.03230624089489712,0.083006833180614,57.00966792775429,30.95377154071656,12.047200955421427
3.322804955005209,2529.7097506711575,0.017559858725553847,0.03227950595678642,0.08228373954116865,56.94806636141997,30.97940846240742,12.15306943481433
3.4156154123155447,2775.733482841778,0.01757887176400755,0.03225280451163678,0.08157328018883406,56.88647220508676,31.00505568869836,12.258916126519605
3.5084258696258805,3045.6839428811195,0.017597923765291415,0.0322261366859596,0.08087512441805252,56.824885329501846,31.03071304341869,12.364741410855688
3.6012363269362164,3341.8880945396027,0.01761701488796727,0.03219950260042421,0.0801889530283576,56.76330560877357,31.05638035498181,12.470545657908332
3.6940467842465523,3666.8992074931975,0.01763614529041697,0.032172902370070554,0.07951445782464951,56.70173292025295,31.08205745622343,12.57632922814195
3.7868572415568877,4023.5188664408747,0.017655315130871766,0.032146336104511966,0.07885134114357509,56.640167144420886,31.107744184247576,12.682092472963364
3.8796676988672236,4414.821120669077,0.017674524567440324,0.03211980390812836,0.0781993154045571,56.57860816478092,31.133440380280035,12.787835735218271
3.9724781561775595,4844.178982251624,0.017693773758135602,0.03209330588025058,0.07755810268407919,56.51705586775685,31.159145889528787,12.893559349605853
4.065288613487895,5315.293501298649,0.01771306286090053,0.03206684211533629,0.07692743431188827,56.455510142595415,31.184860561051007,12.999263643002601
4.158099070798231,5832.225668882223,0.017732392033632662,0.03204041270313788,0.07630705048783075,56.393970881273134,31.21058424762628,13.10494893469218
4.250909528108567,6399.431422640733,0.017751761434207838,0.03201401772886298,0.07569669991808971,56.33243797840755,31.236316805635635,13.21061553650404
4.343719985418902,7021.8000568092575,0.017771171220502927,0.031987657273328085,0.07509613946963833,56.27091133117223,31.262058094945857,13.3162637528698
4.436530442729238,7704.696367768942,0.01779062155041776,0.03196133141310561,0.0745051338417708,56.209390839215395,31.287807978798853,13.421893880812773
4.529340900039574,8454.006898408688,0.01781011258189631,0.03193504022066519,0.07392345525361467,56.14787640458174,31.31356632370543,13.527506209892733
4.62215135734991,9276.190679923888,0.017829644472947184,0.03190878376450946,0.07335088314657102,56.08636793163735,31.339332999343267,13.633101022134694
4.714961814660246,10178.33490844485,0.017849217381663562,0.031882562109304895,0.07278720390066591,56.02486532699727,31.365107878458456,13.738678591977775
4.807772271970581,11168.216036425532,0.017868831466242602,0.031856375316008156,0.0722322105638354,55.96336849945548,31.390890836770424,13.844239186287224
4.9005827292809165,12254.366805398211,0.017888486885004388,0.03183022344198872,0.07168570259320059,55.90187735991706,31.416681752879363,13.949783064480284
4.993393186591253,13446.149797914237,0.017908183796410602,0.031804106541147716,0.07114748560742258,55.840391821332176,31.442480508176317,14.055310478824191
5.086203643901589,14753.838142685981,0.017927922359082856,0.031778024664034066,0.07061737114925941,55.77891179863171,31.46828698675492,14.160821674972354
5.179014101211925,16188.70406860567,0.01794770273182087,0.03175197785795802,0.07009517645747676,55.71743720866419,31.494101075324647,14.266316892812874
5.27182455852226,17763.116070973676,0.017967525073620528,0.03172596616710269,0.06958072424729318,55.655967970133794,31.519922663125094,14.371796367711735
5.3646350158325955,19490.645527505752,0.01798738954369194,0.03169998963263418,0.06907384249856789,55.59450400353916,31.54575164184061,14.477260332241297
5.457445473142932,21386.1836831457,0.018007296301477512,0.03167404829281055,0.06857436425096494,55.53304523111275,31.571587905515138,14.58270901849343
5.550255930453268,23466.070012088385,0.018027245506670217,0.031648142183090346,0.06808212740535279,55.47159157676043,31.597431350466493,14.688142661085198
5.643066387763604,25748.233063489573,0.01804723731923104,0.031622271336236005,0.0675969745343818,55.41014296600429,31.62328187520479,14.79356150017292
5.735876845073939,28252.345004947667,0.018067271899355294,0.03159643578215344,0.067118752892717,55.34869932608274,31.649139380614198,14.898965742084119
5.8286873023842745,30999.991195916835,0.018087349407518865,0.0315706355481383,0.06664731413868126,55.28726058580494,31.675003769728335,15.004355583169895
5.92149775969461,34014.856252768644,0.01810747000451294,0.03154487065906548,0.06618251409438966,55.22582667544219,31.700874947560337,15.109731228611194
6.014308217004946,37322.928209376754,0.01812763385144048,0.031519141137380365,0.06572421265871821,55.164397526737154,31.726752821130727,15.215092878976492
6.1071186743152825,40952.72253308162,0.01814784110972958,0.03149344700317503,0.06527227366342794,55.10297307286161,31.75263729940976,15.32044073041537
6.199929131625618,44935.527927045674,0.018168091941146446,0.0314677882742615,0.06482656473532754,55.041553248375834,31.778528293262088,15.425774974854487
6.292739588935953,49305.676037806516,0.018188386507808057,0.031442164966242504,0.06438695716420943,54.98013798918953,31.804425715393254,15.531095800188966
6.385550046246289,54100.837392898065,0.018208724972194477,0.03141657709257938,0.06395332577630398,54.91872723252418,31.8303294802985,15.636403390463244
6.478360503556624,59362.34611951196,0.018229107497160838,0.031391024664657693,0.06352554881300465,54.857320916876965,31.85623950421322,15.741697926036409
6.5711709608669615,65135.5562432631,0.01824953424594906,0.03136550769185021,0.06310350781462501,54.7959189819858,31.882155705065564,15.846979583728272
6.663981418177297,71470.23263834172,0.018270005382199247,0.031340026181577836,0.06268708750895695,54.73452136879586,31.90807800243051,15.952248536943378
6.756791875487632,78420.97999903088,0.018290521069960833,0.031314580139368116,0.06227617570440642,54.673128019427246,31.934006317485903,16.057504955771456
6.849602332797968,86047.71353030668,0.018311081473703476,0.03128916956891185,0.0618706631874906,54.611738877143814,31.959940572969874,16.162749007063923
6.942412790108303,94416.17541485994,0.01833168675832771,0.03126379447211751,0.061470443624487114,54.550353886323116,31.985880693139983,16.267980854487345
7.0352232474186405,103598.50150846706,0.01835233708917538,0.031238454849163953,0.06107541346703257,54.48897299242735,32.01182660373368,16.37320065855604
7.128033704728976,113673.84314860361,0.018373032632039876,0.031213150698551337,0.060685471861474126,54.42759614197531,32.03777823193004,16.47840857664724
7.220844162039311,124729.04943627244,0.018393773553176167,0.031187882017150177,0.06030052056178355,54.366223282515286,32.06373550631304,16.583604763003763
7.313654619349647,136859.41587228907,0.01841456001931069,0.031162648800249097,0.05992046384584956,54.30485436259872,32.089698356835655,16.68878936873026
7.406465076659982,150169.50580124563,0.018435392197651043,0.031137451041600858,0.05954520843496932,54.243489331754795,32.11566671478538,16.793962541790794
7.499275533970319,164774.05174397232,0.018456270255895586,0.031112288733467212,0.05917466341636546,54.18212814046568,32.14164051275048,16.89912442701682
7.592085991280655,180798.94438794916,0.0184771943622429,0.031087161866662372,0.05880874016856037,54.12077074014241,32.167619684587294,17.004275166136072
7.68489644859099,198382.3177607364,0.018498164685401133,0.03106207043059537,0.05844735228944388,54.05941708310156,32.19360416538831,17.10941489783463
7.777706905901326,217675.7399405754,0.018519181394597267,0.031037014413311248,0.05809041552687581,53.99806712254232,32.21959389145101,17.214543757865616
7.870517363211661,238845.51956804973,0.01854024465958631,0.031011993801531478,0.05773784771166894,53.93672081252422,32.24558880024723,17.31966187921996
7.963327820521997,262074.1394208894,0.01856135465066047,0.030987008580693327,0.05738956869280232,53.87537810794521,32.27158883039317,17.42476939237597
8.056138277832334,287561.82940928644,0.01858251153865823,0.030962058734988515,0.057045500274719316,53.81403896452019,32.29759392161979,17.52986642564632
8.14894873514267,315528.29255088343,0.01860371549497344,0.0309371442474013,0.05670556615656851,53.75270333876,32.323604014743516,17.634953105642605
8.241759192453005,346214.5988032888,0.018624966691564427,0.030912265099745807,0.05636969187324946,53.6913711879505,32.349619051637305,17.740029557879406
8.33456964976334,379885.26307888026,0.018646265300963073,0.030887421272703105,0.05603780473812931,53.630042470132096,32.375638975201674,17.84509590754148
8.427380107073676,416830.52535432007,0.01866761149628394,0.03086261274585774,0.05570983378729923,53.568717144079436,32.401663729335944,17.950152280439593
8.520190564384013,457368.8525292476,0.018689005451230874,0.03083783949772164,0.055385709732785844,53.50739516928864,32.42769325892243,18.05519880172349
8.613001021694348,501849.68360007904,0.018710447340088702,0.030813101505686412,0.05506536496145004,53.446076506007216,32.453727509885844,18.160235580025237
8.705811479004684,550656.4418122331,0.01873193733775382,0.03078839874615939,0.05474873342379854,53.384761115152855,32.479766429059325,18.26526272780063
8.798621936315019,604209.8397554144,0.01875347561973708,0.030763731194569623,0.05443575060019987,53.32344895831207,32.50580996418662,18.370280357562084
8.891432393625355,662971.5058917766,0.01877506236216936,0.0307390988253848,0.054126353463204484,53.262139997731296,32.53185806391257,18.475288579708362
8.984242850935692,727447.9637775084,0.018796697741809525,0.030714501612139188,0.053820480434438385,53.20083419630132,32.557910677761846,18.580287502601426
9.077053308246027,798194.9982785917,0.018818381936052286,0.030689939527460543,0.0535180713429758,53.139531517542345,32.58396775611847,18.685277232645436
9.169863765556363,875822.446417383,0.01884011512293603,0.030665412543096262,0.05321906738513794,53.07823192558925,32.6100292502059,18.790257874365945
9.262674222866698,960999.4541469216,0.018861897481150507,0.030640920629938815,0.05292341108566695,53.01693538517757,32.636095112067686,18.895229530487054
9.355484680177033,1054460.244366205,0.018883729190044496,0.030616463758050275,0.05263104626022511,52.95564186162975,32.66216529454877,19.000192302005033
9.448295137487369,1157010.445896515,0.018905610429633353,0.030592041896686097,0.052341917979171045,52.894351320841935,32.68823975127746,19.10514628825677
9.541105594797706,1269534.0379743557,0.018927541380606542,0.030567655014318282,0.052055972532565685,52.83306372927103,32.71431843664773,19.210091586981882
9.633916052108042,1393000.9701222915,0.018949522224335078,0.03054330307865773,0.05177315739636265,52.771779053922245,32.740401305802266,19.315028294377417
9.726726509418377,1528475.5230807303,0.018971553142878884,0.03051898605667594,0.0514934211997379,52.710497262337086,32.76648831461598,19.419956505144583
9.819536966728712,1677125.482871569,0.01899363431899416,0.03049470391462608,0.05121671369351588,52.6492183225815,32.792579419679925,19.524876312526892
9.912347424039048,1840232.2070738394,0.019015765936140645,0.030470456618063423,0.05094298571964959,52.58794220323452,32.81867457828585,19.62978780833968
10.005157881349385,2019201.6700823025,0.01903794817848886,0.03044624413186513,0.05067218918171358,52.52666887337725,32.84477374841112,19.734691082991077
10.09796833865972,2215576.5825587222,0.019060181230927304,0.030422066420249565,0.05040427701636984,52.46539830258207,32.87087688870402,19.839586225494894
10.190778795970056,2431049.689545129,0.0190824652790696,0.030397923446794897,0.05013920316576755,52.40413046090221,32.89698395846965,19.944473323476114
10.283589253280391,2667478.3618682823,0.01910480050926163,0.03037381517445734,0.04987692255083877,52.3428653188616,32.92309491765603,20.049352463170028
10.376399710590727,2926900.6066127988,0.019127187108588645,0.030349741565588763,0.0496173910454528,52.28160284744492,32.94920972684074,20.154223729416447
10.469210167901062,3211552.6346726515,0.019149625264882293,0.03032570258195389,0.04936056545139333,52.22034301808812,32.9753283472178,20.259087205650566
10.562020625211398,3523888.136812738,0.01917211516672773,0.030301698184747,0.04910640347412301,52.15908580266883,33.00145074058493,20.36394297389255
10.654831082521735,3866599.4343995233,0.01919465700347059,0.030277728334608248,0.048854863699300984,52.09783117349739,33.027576869331156,20.468791114738245
10.74764153983207,4242640.687119284,0.019217250965224055,0.03025379299163949,0.04860590557002011,52.036579103307815,33.05370669642467,20.573631707353584
10.840451997142406,4655253.357733798,0.01923989724287586,0.030229892115419866,0.04835948936473091,51.97532956524908,33.079840185400904,20.67846482947586
10.933262454452741,5107994.153378679,0.01926259602809528,0.03020602566502086,0.04811557617582039,51.914082532876634,33.10597730035099,20.783290557425182
11.026072911763077,5604765.684257474,0.019285347513340177,0.030182193599021172,0.04787412788881462,51.85283798014394,33.1321180059103,20.888108966129938
11.118883369073414,6149850.104008406,0.019308151891863995,0.030158395875521136,0.0476351071621744,51.79159588139436,33.15826226724733,20.992920129170397
11.21169382638375,6747946.021722523,0.019331009357722802,0.03013463245215703,0.0473984774076546,51.73035621135306,33.18441005005257,21.09772411884491
11.304504283694085,7404209.003793727,0.019353920105782338,0.030110903286114925,0.04716420277119766,51.669118945119116,33.210561320527745,21.202521006263723
11.39731474100442,8124296.0147250565,0.019376884331725047,0.03008720833414446,0.04693224811433338,51.607884058157765,33.23671604537501,21.30731086147553
11.490125198314756,8914414.179969605,0.019399902232057196,0.030063547552572272,0.04670257899605672,51.546651526292685,33.262874191786416,21.412093753632618
11.582935655625093,9781374.291140063,0.01942297400411598,0.030039920897315373,0.04647516165515687,51.485421325698475,33.289035727433244,21.516869751200538
11.675746112935428,10732649.514799837,0.019446099846076655,0.03001632832389421,0.04624996299297074,51.42419343289317,33.31520062045562,21.621638922218903
11.768556570245764,11776439.810903843,0.019469279956959733,0.029992769787445674,0.04602695055653511,51.36296782473085,33.341368839452045,21.72640133462015
11.8613670275561,12921742.616173316,0.0194925145366382,0.029969245242735983,0.04580609252211206,51.301744478394326,33.36754035346894,21.831157056613552
11.954177484866435,14178430.401693242,0.019515803785844797,0.02994575464417342,0.04558735767906251,51.24052337138786,33.393715131990206,21.935906157142398
12.046987942176772,15557335.773276104,0.01953914790617933,0.029922297945821047,0.04537071541404404,51.17930448152993,33.41989314492673,22.04064870642221
12.139798399487107,17070344.848154124,0.019562547100107287,0.02989887510137107,0.04515613571514118,51.11808778696899,33.446074362648616,22.145384766940822
12.232608856797443,18730499.712904178,0.019586001570968004,0.02987548606415965,0.04494358915637496,51.05687326617409,33.472258755972426,22.25011439386025
12.325419314107778,20552110.84578881,0.019609511522994026,0.029852130787231687,0.04473304685574579,50.995660897896634,33.49844629609216,22.35483764888136
12.418229771418114,22550880.472590353,0.019633077161310842,0.029828809223319545,0.04452448047759118,50.93445066118372,33.524636954606315,22.45955459274347
12.511040228728449,24744037.919261165,0.019656698691943905,0.029805521324852844,0.04431786221969956,50.87324253537241,33.55083070351017,22.56426528523964
12.603850686038786,27150488.128125228,0.01968037632182571,0.029782267043968167,0.04411316480075905,50.812036500084155,33.577027515188135,22.668969785246354
12.696661143349122,29790974.61783547,0.01970411025880283,0.02975904633251832,0.043910361448157104,50.750832535219345,33.60322736240642,22.77366815075419
12.789471600659457,32688258.29179669,0.019727900711642977,0.02973585914208156,0.04370942588612033,50.68963062095207,33.629430218305714,22.878360438898923
12.882282057969793,35867313.636375785,0.019751747890042085,0.02971270542397046,0.043510332324185136,50.62843073772492,33.65563605639421,22.98304670599245
12.975092515280128,39355544.00012173,0.019775652004631397,0.02968958512924051,0.04331305544598911,50.567232866243955,33.68184485054073,23.087727007552925
13.067902972590465,43183017.80969466,0.01979961326698455,0.029666498208698645,0.04311757039837396,50.50603698747387,33.708056574967976,23.1924013983337
13.1607134299008,47382727.75867704,0.019823631889624712,0.02964344461291136,0.042923852780790576,50.4448430826331,33.734271204246106,23.297069932350603
13.253523887211136,51990875.20346643,0.019847708086031684,0.0296204242922128,0.04273187863499717,50.38365113318927,33.76048871328625,23.40173266290721
13.346334344521471,57047182.21773165,0.01987184207064906,0.02959743719671248,0.042541624435041885,50.3224611208546,33.786709077334386,23.506389642617684
13.439144801831807,62595233.99533186,0.0198960340588914,0.029574483276302896,0.04235306707752083,50.261273027581446,33.812932271965295,23.61104092342716
13.531955259142142,68682854.55319981,0.01992028426715136,0.029551562480666926,0.04216618387210345,50.200086835558096,33.83915827307659,23.71568655662923
13.62476571645248,75362518.97273538,0.01994459291280697,0.02952867475928502,0.04198095253231675,50.13890252720439,33.865387056883044,23.820326592880534
13.717576173762815,82691805.73321545,0.019968960214228823,0.029505820061442225,0.041797351166580336,50.07772008516763,33.89161859991092,23.92496108221241
13.81038663107315,90733893.03632045,0.019993386390787286,0.029482998336234995,0.04161535826948428,50.01653949231872,33.91785287899253,24.02959007403957
13.903197088383486,99558103.40007575,0.020017871662859826,0.029460209532577886,0.041434952713302206,49.95536073174806,33.94408987126087,24.13421361716582
13.996007545693821,109240501.2165907,0.0200424162518383,0.029437453599210028,0.04125611373973179,49.894183786761715,33.97032955414444,24.238831759787104
14.088818003004159,119864548.4245223,0.020067020380136233,0.029414730484701484,0.04107882095185546,49.83300864087781,33.99657190536208,24.343444549491913
14.181628460314494,131521823.9481364,0.020091684271196224,0.029392040137459417,0.04090305430631386,49.77183527782272,34.02281690291805,24.448052033259493
14.27443891762483,144312813.1045101,0.02011640814949732,0.0293693825057341,0.04072879410568494,49.710663681527485,34.04906452509716,24.552654257456144
14.367249374935165,158347773.7835338,0.02014119224056238,0.02934675753762482,0.04055602099106189,49.64949383612447,34.075314750459995,24.657251267829977
14.4600598322455,173747686.86715856,0.020166036770965613,0.029324165181085646,0.04038471593482274,49.58832572594366,34.101567557838244,24.76184310950482
14.552870289555838,190645299.0804689,0.020190941968339957,0.029301605383931013,0.04021486023358531,49.52715933550956,34.127822926330154,24.866429826973594
14.645680746866173,209186267.26392034,0.02021590806138467,0.029279078093841195,0.0400464355013406,49.46599464953769,34.15408083529612,24.971011464092076
14.738491204176508,229530413.9303338,0.02024093527987285,0.029256583258367715,0.03987942366275835,49.4048316529315,34.18034126435419,25.07558806407366
14.831301661486844,251853104.92949906,0.02026602385465902,0.02923412082493855,0.03971380694665855,49.343670330779105,34.206604193375874,25.180159669485885
14.92411211879718,276346761.0958141,0.020291174017686788,0.02921169074086332,0.03954956787964231,49.28251066835022,34.232869602481834,25.28472632224987
15.016922576107516,303222516.9093093,0.020316386001996478,0.029189292953338275,0.03938668927987669,49.22135265109309,34.25913747203779,25.38928806364328
15.109733033417852,332712040.46765614,0.02034166004173287,0.029166927409451236,0.039225154251026836,49.160196264631495,34.285407782650445,25.493844934308243
15.202543490728187,365069530.45726377,0.020366996372152953,0.029144594056186496,0.03906494617633005,49.09904149476176,34.31168051516336,25.5983969742652
15.295353948038523,400573907.33727634,0.020392395229633712,0.02912229284042948,0.03890604871280586,49.0378883274499,34.33795565065311,25.702944222933944
15.388164405348858,439531217.6244103,0.020417856851679992,0.029100023708971516,0.03874844578559658,48.976736748828735,34.364233170425244,25.807486719163226
15.480974862659194,482277272.0034806,0.020443381476932403,0.029077786608514358,0.03859212158243277,48.915586745195014,34.39051305601049,25.912024501270295
15.57378531996953,529180540.00404227,0.02046896934517521,0.029055581485674737,0.03843706054821816,48.85443830300681,34.416795289160866,26.016557607091976
15.666595777279866,580645326.1951525,0.020494620697344423,0.02903340828698882,0.03828324737972893,48.79329140888049,34.44307985184589,26.121086074048733
15.759406234590202,637115255.2769604,0.02052033577553576,0.02901126695891664,0.03813066702042175,48.73214604958827,34.469366726248715,26.22560993922365
15.852216691900537,699077096.1104742,0.020546114823012784,0.028989157447846376,0.0379793046553459,48.67100221205543,34.4956558947625,26.33012923945783
15.945027149210873,767064957.6485287,0.020571958084215074,0.028967079700098694,0.03782914570615407,48.60985988335758,34.52194733998653,26.434644011464403
16.03783760652121,841664892.9367286,0.020597865804766406,0.028945033661931,0.03768017582620718,48.54871905071821,34.54824104472253,26.53915429196282
16.130648063831547,923519950.8706834,0.02062383823148308,0.02892301927954161,0.03753238089576818,48.48757970150588,34.57453699197094,26.643660117835775
16.223458521141882,1013335719.255555,0.020649875612382178,0.028901036499074002,0.0373857470172801,48.42644182323186,34.600835164927055,26.748161526310792
16.316268978452218,1111886406.9488397,0.020675978196690033,0.02887908526662089,0.037240260510723766,48.36530540354737,34.627135546977414,26.852658555168762
16.409079435762553,1220021517.514294,0.02070214623485063,0.02885716552822842,0.0370959079090505,48.30417043024115,34.65343812169591,26.957151242981826
16.50188989307289,1338673171.913655,0.02072837997853173,0.028835277229890252,0.03695267595808164,48.24303689124257,34.67974287285207,27.061639626163462
16.594700350383224,1468864143.3575132,0.020754679680627587,0.02881342031752787,0.036810551622690736,48.18190477463257,34.706049784435926,27.166123731315686
16.68751080769356,1611716673.575471,0.020781045595279653,0.02879159473704339,0.03666952206094978,48.120774068613116,34.732358840595786,27.27060359112024
16.780321265003895,1768462146.5015454,0.020807477977880542,0.028769800434304653,0.03652957462823735,48.059644761515706,34.75867002565704,27.375079238590427
16.87313172231423,1940451702.7616427,0.02083397708508209,0.028748037355146017,0.03639069687441069,47.99851684180057,34.78498332412233,27.47955070635602
16.965942179624566,2129167886.4596314,0.020860543174803983,0.028726305445371563,0.036252876540073496,47.937390298054716,34.81129872066865,27.58401802666919
17.058752636934905,2336237424.6569176,0.020887176506242413,0.028704604650758025,0.03611610155292971,47.87626511898995,34.837616200144815,27.68848123141023
17.15156309424524,2563445249.7041497,0.02091387733987884,0.028682934917057815,0.03598036002422047,47.81514129344096,34.86393574756875,27.79294035209325
17.244373551555576,2812749885.2971997,0.020940645937488792,0.028661296190001895,0.035845640245242553,47.75401881036341,34.890257348124976,27.89739541987175
17.33718400886591,3086300328.884533,0.020967482562150672,0.028639688415302577,0.03571193068394574,47.692897658832166,34.91658098716208,28.001846465544045
17.429994466176247,3386454575.951862,0.020994387478254727,0.02861811153865632,0.03557921998160737,47.631777828039326,34.942906650190245,28.106293519558573
17.522804923486582,3715799945.86274,0.021021360951511945,0.02859656550574641,0.03544749694958155,47.57065930729265,34.969234322878826,28.210736612019225
17.615615380796918,4077175384.4631543,0.021048403248963145,0.028575050262245622,0.035316750566121685,47.5095420860136,34.99556399105396,28.315175772690438
17.708425838107253,4473695935.697807,0.02107551463898803,0.02855356575381877,0.035186969973273925,47.44842615373574,35.02189564069627,28.419611031002233
17.80123629541759,4908779593.182581,0.021102695391314315,0.028532111926125245,0.035058144473839904,47.387311500103024,35.048229257938544,28.52404241605518
17.894046752727924,5386176763.192833,0.021129945777026943,0.028510688724821473,0.034930263528406814,47.326198114868205,35.07456482906348,28.62846995662533
17.986857210038263,5910002593.03748,0.02115726606857737,0.028489296095563353,0.034803316752443345,47.2650859878911,35.1009023405015,28.732893681168925
18.0796676673486,6484772443.488251,0.021184656539792873,0.028467933984008577,0.03467729391345958,47.20397510913704,35.12724177882858,28.837313617827082
18.172478124658934,7115440811.035509,0.02121211746588596,0.02844660233581894,0.03455218492822918,47.142865468675325,35.153583130764126,28.941729794430415
18.26528858196927,7807444035.478807,0.021239649123463787,0.028425301096662615,0.03442797986007245,47.08175705667772,35.17992638316886,29.046142238503553
18.358099039279605,8566747160.990389,0.021267251790537733,0.028404030212216335,0.034304668916198496,47.02064986341686,35.20627152304282,29.150550977269596
18.45090949658994,9399895354.592337,0.021294925746532956,0.02838278962816756,0.03418224244510527,46.95954387926479,35.23261853752328,29.254956037654434
18.543719953900275,10314070325.272871,0.02132267127229803,0.028361579290216543,0.034060690934035735,46.89843909469163,35.25896741388286,29.359357446291046
18.63653041121061,11317152230.072674,0.021350488650114716,0.02834039914407842,0.033940005006489,46.837335500263926,35.285318139527504,29.463755229523677
18.729340868520946,12417787600.769579,0.021378378163707704,0.028319249135485246,0.03382017541978477,46.776233086643444,35.31167070199459,29.568149413412
18.822151325831285,13625463876.68738,0.02140634009825448,0.02829812921018788,0.03370119306268008,46.71513184458571,35.33802508895113,29.67254002373515
18.91496178314162,14950591186.098747,0.021434374740395282,0.02827703931395798,0.03358304895303679,46.654031764938644,35.364381288191815,29.776927085995677
19.007772240451956,16404592081.175865,0.02146248237824305,0.028255979392589864,0.033465734235538634,46.59293283864126,35.3907392876373,29.881310625423513
19.10058269776229,18000000000.000027,0.021490663301393546,0.028234949391902305,0.03334924078907838,46.53183505672232,35.417099075332395,29.985690118843493
19.10058269776229,18000000000.000027,0.021490663301393546,0.028234949391902305,0.03334924078907838,46.53183505672232,35.417099075332395,29.985690118843493
19.19430610762179,19768606868.518154,0.021519196179289758,0.02821374301985147,0.0332653169717282,46.470137251799756,35.4437197253973,30.0613398889266
19.28802951748129,21710989862.334587,0.021547804548516014,0.028192567418647587,0.0331818174647732,46.40844025424713,35.47034170923233,30.136986952617335
19.381752927340795,23844223517.493134,0.021576488711328234,0.028171422526485596,0.03309873904347764,46.346744059193156,35.496965020486336,30.212631323701668
19.475476337200295,26187060044.57756,0.02160524897158301,0.028150308281687315,0.03301607851581374,46.28504866179889,35.52358965285408,30.288273015858895
19.569199747059795,28760094170.19625,0.02163408563474843,0.02812922462270159,0.03293383272204698,46.22335405725726,35.55021560007572,30.363912042662662
19.662923156919295,31585944175.12054,0.021662999007914907,0.02810817148810438,0.0328519985343276,46.16166024079283,35.57684285593634,30.43954841758206
19.756646566778798,34689450720.49556,0.021691989399806128,0.028087148816598823,0.032770572856288364,46.099967207661344,35.6034714142656,30.515182153982682
19.850369976638298,38097895209.90609,0.021721057120790064,0.02806615654701536,0.03268955262264836,46.03827495314955,35.630101268937125,30.590813265127654
19.944093386497798,41841239606.81295,0.021750202482890137,0.028045194618311786,0.03260893479882289,45.9765834725747,35.656732413868205,30.666441764178625
20.037816796357298,45952389815.47529,0.02177942579979637,0.028024262969573346,0.032528716380539065,45.91489276128435,35.683364843019255,30.74206766419684
20.131540206216798,50467484940.61262,0.021808727386876715,0.02800336154001277,0.032448894393457335,45.853202814655965,35.70999855039346,30.817690978144075
20.2252636160763,55426214968.54627,0.021838107561188414,0.02798249026897033,0.032369465892799154,45.79151362809666,35.736633530036315,30.893311718883133
20.3189870259358,60872169662.39811,0.02186756664149015,0.02796164909591358,0.03229042796304046,45.72982519704148,35.76326977603562,30.968929899120486
20.4127104357953,66853221738.31577,0.021897104948252432,0.027940837960438003,0.0322117777174386,45.668137516955554,35.78990728252031,31.044545531513048
20.5064338456548,73421947691.03523,0.021926722803669304,0.027920056802267026,0.032133512297677316,45.60645058333369,35.81654604366002,31.12015862866887
20.600157255514304,80636089968.0546,0.021956420531670642,0.027899305561251753,0.03205562887357168,45.54476439169891,35.8431860536651,31.195769203094677
20.693880665373804,88559064555.16275,0.021986198457933988,0.027878584177370977,0.03197812464272158,45.48307893760223,35.86982730678623,31.27137726719713
20.787604075233304,97260518435.2628,0.022016056909896508,0.027857892590731216,0.03190099683017028,45.42139421662227,35.89646979731398,31.346982833284155
20.881327485092804,106816941820.83165,0.022045996216767037,0.027837230741566712,0.03182424268806797,45.35971022436501,35.92311351957845,31.422585913566298
20.975050894952304,117312340541.8552,0.022076016709538182,0.027816598570239465,0.03174785949534021,45.29802695646354,35.94975846794885,31.498186520158153
21.068774304811807,128838974499.87022,0.022106118720998588,0.027795996017239213,0.03167184455736119,45.23634440857773,35.97640463683313,31.573784665079742
21.162497714671307,141498168679.4981,0.02213630258574523,0.027775423023183487,0.03159619520563183,45.174662576394056,36.00305202067755,31.649380360257936
21.256221124530807,155401203846.68124,0.022166568640195897,0.02775487952881751,0.0315209087974624,45.112981455625174,36.02970061396641,31.72497361752797
21.349944534390307,170670294763.30487,0.022196917222601642,0.027734365475014296,0.031445982715659945,45.05130104200986,36.05635041122154,31.8005644486348
21.44366794424981,187439664517.2163,0.0222273486730595,0.02771388080277454,0.03137141436822014,44.98962133131258,36.083001407002016,31.876152865234523
21.53739135410931,205856724411.54306,0.022257863333525193,0.027693425453226637,0.03129720118802359,44.92794231932326,36.109653595903836,31.95173887889589
21.63111476396881,226083369785.1485,0.022288461547825936,0.02767299936762668,0.031223340632536626,44.86626400185715,36.1363069725594,32.027322501101594
21.72483817382831,248297403155.13385,0.02231914366167344,0.02765260248735837,0.031149830183516407,44.80458637475441,36.16296153163735,32.102903743249655
21.81856158368781,272694097191.54407,0.02234991002267693,0.027632234753933005,0.031076667346720217,44.742909433879966,36.18961726784208,32.17848261665479
21.91228499354731,299487911263.61707,0.022380760980356292,0.02761189610898947,0.03100384965161908,44.681233175123275,36.21627417591343,32.25405913254963
22.006008403406813,328914376646.89484,0.022411696886155415,0.02759158649429411,0.03093137465111539,44.61955759439792,36.2429322506264,32.32963330208604
22.099731813266313,361232166963.1201,0.02244271809345547,0.027571305851740755,0.030859239921264724,44.55788268764159,36.26959148679073,32.40520513633624
22.193455223125813,396725372053.15686,0.022473824957588474,0.027551054123350627,0.030787443061001556,44.49620845081565,36.29625187925059,32.480774646294016
22.287178632985317,435705995271.4151,0.022505017835850863,0.02753083125127226,0.030715981691868982,44.43453487990503,36.32291342288431,32.55634184287576
22.380902042844816,478516696154.279,0.022536297087517195,0.02751063717778147,0.030644853457752294,44.37286197091792,36.34957611260397,32.63190673692153
22.474625452704316,525533802572.00446,0.022567663073854022,0.02749047184528126,0.030574056024616377,44.311189719885505,36.37623994335514,32.707469339195974
22.568348862563816,577170618842.4097,0.022599116158133776,0.02747033519630176,0.03050358708024683,44.24951812286182,36.40290491011652,32.78302966038931
22.662072272423316,633881058886.3843,0.022630656705648886,0.027450227173500125,0.030433444333994843,44.187847175923444,36.429571007899675,32.85858771111811
22.755795682282816,696163636362.4955,0.02266228508372591,0.027430147719660458,0.030363625516525643,44.126176875169286,36.4562382317487,32.93414350192608
22.84951909214232,764565846856.0127,0.022694001661739877,0.027410096777693748,0.03029412837957056,44.06450721672033,36.482906576739886,33.00969704328479
22.94324250200182,839688980644.0083,0.022725806811128672,0.027390074290637712,0.030224950695682564,44.00283819671946,36.50957603798151,33.08524834559427
23.03696591186132,922193408343.2291,0.022757700905407567,0.027370080201656773,0.030156090257995254,43.941169811331214,36.53624661061343,33.16079741918371
23.130689321720823,1012804385904.2312,0.022789684320183943,0.02735011445404192,0.030087544879985342,43.879502056741465,36.56291828980685,33.2363442743118
23.224412731580323,1112318429980.6482,0.02282175743317198,0.027330176991210608,0.030019312395238338,43.81783492915737,36.58959107076402,33.311888921167295
23.318136141439822,1221610319716.3743,0.022853920624207668,0.027310267756706634,0.029951390657217622,43.75616842480695,36.61626494871798,33.38743136986937
23.411859551299322,1341640786499.8743,0.022886174275263765,0.027290386694200062,0.02988377753903667,43.69450253993904,36.642939918932214,33.46297163046797
23.505582961158822,1473464959282.5264,0.022918518770465,0.027270533747487075,0.029816470933234553,43.632837270822925,36.66961597670042,33.53850971294401
23.599306371018322,1618241639699.6292,0.022950954496103355,0.02725070886048987,0.02974946875155441,43.57117261374822,36.69629311734622,33.61404562720973
23.693029780877826,1777243488527.1243,0.022983481840653477,0.027230911977256557,0.02968276892472519,43.50950856502461,36.72297133622285,33.68957938310865
23.786753190737326,1951868213018.1348,0.023016101194788283,0.02721114304196096,0.029616369402246143,43.44784512098156,36.749650628713,33.765110990415955
23.880476600596825,2143650853461.805,0.023048812951394524,0.02719140199890258,0.02955026815217453,43.38618227796833,36.77633099022842,33.84064045883836
23.97420001045633,2354277276969.4404,0.02308161750558877,0.027171688792506424,0.029484463160916078,43.32452003235342,36.803012416209704,33.91616779801427
24.06792342031583,2585598997105.235,0.02311451525473321,0.027152003367322836,0.029418952433018328,43.262858380524676,36.82969490212608,33.99169301751381
24.16164683017533,2839649449633.784,0.02314750659845184,0.027132345668027424,0.029353733990966798,43.20119731888887,36.856378443475066,34.06721612683879
24.25537024003483,3118661867456.3413,0.02318059193864664,0.02711271563942086,0.029288805874983916,43.13953684387161,36.88306303578229,34.142737135422706
24.34909364989433,3425088911865.721,0.023213771679513984,0.027093113226428798,0.02922416614283063,43.07787695191704,36.90974867460118,34.21825605263072
24.44281705975383,3761624232688.5537,0.023247046227561092,0.027073538374101654,0.02915981286961064,43.01621763948773,36.93643535551277,34.29377288775971
24.536540469613332,4131226146839.5234,0.023280415991622717,0.027053991027614528,0.029095744147577353,42.95455890306438,36.9631230741254,34.369287650038146
24.63026387947283,4537143643434.082,0.02331388138287791,0.02703447113226701,0.02903195808594324,42.89290073914574,36.9898118260745,34.44480034862624
24.72398728933233,4982944944058.019,0.023347442814867,0.02701497863348306,0.028968452810691818,42.83124314424824,37.01650160702235,34.52031099261591
24.81771069919183,5472548869252.944,0.023381100703508583,0.026995513476810798,0.028905226464392048,42.76958611490602,37.04319241265783,34.595819591030924
24.911434109051335,6010259286945.291,0.023414855467116857,0.026976075607922412,0.02884227720601513,42.70792964767051,37.0698842386962,34.67132615282705
25.005157518910835,6600802945637.862,0.023448707526418908,0.026956664972613953,0.028779603210753735,42.64627373911044,37.09657708087883,34.74683068689223
25.098880928770335,7249371024937.295,0.023482657304572302,0.026937281516805186,0.028717202669843466,42.58461838581148,37.12327093497302,34.8223332020469
25.192604338629835,7961664768667.315,0.02351670522718268,0.02691792518653943,0.028655073790386638,42.522963584376264,37.14996579677173,34.89783370704442
25.286327748489335,8743945601706.414,0.023550851722321683,0.026898595927983406,0.028593214795178366,42.46130933142397,37.176661662093316,34.97333221057146
25.380051158348838,9603090171102.38,0.023585097220544853,0.026879293687427027,0.028531623922534645,42.39965562359036,37.20335852678141,35.048828721248746
25.473774568208338,10546650795302.969,0.02361944215490979,0.026860018411283274,0.028470299426122826,42.33800245752753,37.2300563867046,35.12432324763165
25.567497978067838,11582921852882.69,0.023653886960994464,0.026840770046088,0.02840923957479396,42.276349829903715,37.256755237756245,35.199815798211226
25.661221387927338,12721012694355.855,0.023688432076915646,0.026821548538499777,0.028348442652417323,42.214697737403185,37.28345507585423,35.27530638141521
25.75494479778684,13970927718008.352,0.02372307794334754,0.02680235383529967,0.02828790695771695,42.15304617672604,37.310155896940806,35.35079500560927
25.84866820764634,15343654313655.006,0.023757825003540504,0.02678318588339117,0.02822763080411008,42.09139514458816,37.33685769698225,35.42628167909845
25.94239161750584,16851259447393.781,0.023792673703340057,0.026764044629799897,0.0281676125195476,42.02974463772091,37.36356047196879,35.50176641012885
26.03611502736534,18506995736384.98,0.02382762449120588,0.026744930021673486,0.028107850446356306,41.96809465287119,37.3902642179143,35.57724920688955
26.12983843722484,20325417946107.543,0.023862677818231207,0.0267258420062814,0.028048342941083076,41.90644518680108,37.4169689308561,35.65273007751471
26.22356184708434,22322510934162.395,0.0238978341381621,0.026706780531014742,0.027989088374340776,41.84479623628799,37.44367460685477,35.7282090300861
26.317285256943844,24515830165314.18,0.023933093907417186,0.026687745543386106,0.027930085130655993,41.78314779812428,37.47038124199386,35.80368607263579
26.411008666803344,26924656032969.65,0.023968457585107333,0.02666873699102934,0.027871331608318492,41.72149986911734,37.49708883237979,35.879161213149196
26.504732076662844,29570163343658.434,0.02400392563305563,0.0266497548216994,0.027812826219232263,41.659852446089374,37.523797374141544,35.95463445956855
26.598455486522347,32475607454369.496,0.024039498515817492,0.02663079898327218,0.02775456738876837,41.59820552587737,37.5505068634305,36.030105819796596
26.692178896381847,35666528698985.96,0.024075176700700928,0.02661186942374428,0.027696553555619233,41.536559105333,37.57721729642022,36.105575301700824
26.785902306241347,39170976900831.81,0.024110960657787034,0.026592966091232857,0.027638783171654645,41.47491318132251,37.60392866930624,36.181042913117984
26.879625716100847,43019757944908.25,0.02414685085995062,0.026574088933975466,0.027581254701779176,41.41326775072669,37.630640978305806,36.256508661859144
26.973349125960347,47246704577316.695,0.024182847782880997,0.026555237900329792,0.027523966623791182,41.351622810440816,37.65735421965777,36.33197255571511
27.067072535819847,51888973812332.74,0.02421895190510304,0.02653641293877355,0.027466917428243174,41.289978357374565,37.684068389622276,36.40743460246247
27.16079594567935,56987373561491.22,0.02425516370799833,0.02651761399790427,0.02741010561830367,41.228334388451984,37.71078348448061,36.48289480987002
27.25451935553885,62586721355916.85,0.024291483675826505,0.026498841026439065,0.027353529709620412,41.166690900611506,37.73749950053498,36.55835318570581
27.34824276539835,68736238315255.99,0.024327912295746865,0.026480093973214533,0.027297188230184913,41.10504789080588,37.764216434108285,36.63380973774477
27.441966175257853,75489981826392.94,0.02436445005784007,0.026461372787186507,0.027241079720198316,41.043405356002154,37.79093428154392,36.709264473776884
27.535689585117353,82907320735418.89,0.024401097455130073,0.02644267741742988,0.02718520273193856,40.98176329318174,37.81765303920559,36.78471740161603
27.629412994976853,91053457230035.39,0.024437854983606257,0.026424007813138427,0.02712955582962871,40.920121699340385,37.84437270347704,36.86016852910952
27.723136404836353,99999999999999.92,0.024474723142245757,0.02640536392362463,0.027074137589306563,40.858480571488165,37.87109327076191,36.935617864148284
27.723136404836353,99999999999999.92,0.024474723142245757,0.02640536392362463,0.027074137589306563,40.858480571488165,37.87109327076191,36.935617864148284
27.832997633703165,111612317403390.5,0.0245180809853688,0.02638354249478564,0.027009466338438513,40.78622631994532,37.90241587905176,37.024056213093345
27.942858862569974,124573093961551.5,0.024561592340172203,0.02636175624780903,0.02694510508227521,40.71397269974349,37.93373971747848,37.11249211857077
28.052720091436786,139038917031590.83,0.024605258026261838,0.02634000510167369,0.02688105158896325,40.64171970611622,37.96506478035793,37.200925592158654
28.162581320303598,155184557391536.03,0.02464907886907458,0.026318288975580348,0.02681730364808426,40.56946733432006,37.996391062042775,37.28935664534778
28.272442549170407,173205080756887.4,0.024693055699930494,0.026296607788951137,0.026753859070397647,40.49721557963419,38.027718556922125,37.37778528954241
28.38230377803722,193318204493176.12,0.024737189356085508,0.026274961461429075,0.026690715687586925,40.424964437360124,38.059047259421206,37.466211536061245
28.49216500690403,215766927997459.4,0.024781480680784625,0.026253349912877588,0.02662787135200987,40.35271390282149,38.090377164001,37.55463539613804
28.602026235770843,240822468528069.62,0.02482593052331579,0.02623177306338005,0.026565323936452116,40.2804639713637,38.121708265157835,37.643056880922536
28.711887464637652,268787537952228.44,0.02487053973906428,0.026210230833239277,0.026503071333884305,40.20821463835363,38.15304055742312,37.7314760014812
28.821748693504464,300000000000000.1,0.024915309189567688,0.02618872314297702,0.026441111457222777,40.1359658991794,38.18437403536293,37.819892768797935
28.821748693504464,300000000000000.1,0.024915309189567688,0.02618872314297702,0.026441111457222777,40.1359658991794,38.18437403536293,37.819892768797935
28.930729721616878,334542358142216.25,0.024959879119509358,0.026167421818667477,0.026379935179086034,40.06429659422394,38.21545763773387,37.907598832646045
29.03971074972929,373061964637849.44,0.02500460843394508,0.02614615432783813,0.026319042921498007,39.99262786464783,38.24654239630521,37.995302602100956
29.148691777841705,416016764610380.7,0.02504949799214036,0.026124920593541563,0.026258432703956072,39.920959706009455,38.277628305871815,38.08300408764842
29.25767280595412,463917431531506.56,0.025094548659536163,0.02610372053904044,0.026198102564380404,39.84929211388668,38.308715361260894,38.17070329969717
29.366653834066536,517333438426102.75,0.025139761307804615,0.026082554087807068,0.026138050558899822,39.77762508387663,38.33980355733163,38.25840024857963
29.47563486217895,576899828122964.6,0.025185136814905376,0.02606142116352291,0.026078274761640614,39.705958611595385,38.37089288897486,38.34609494455257
29.584615890291364,643324763040319.2,0.025230676065142586,0.026040321690078062,0.026018773264518232,39.63429269267774,38.401983351112825,38.43378739779783
29.693596918403777,717397944262635.9,0.025276379949222414,0.02601925559157081,0.025959544177031984,39.562627322777026,38.433074938698844,38.52147761842297
29.80257794651619,800000000000001.1,0.025322249364311298,0.025998222792307107,0.025900585626062494,39.49096249756474,38.464167646717016,38.60916561646192
29.80257794651619,800000000000001.1,0.025322249364311298,0.025998222792307107,0.025900585626062494,39.49096249756474,38.464167646717016,38.60916561646192
29.89972135591266,881614721666639.4,0.025363276673054134,0.02597950260375058,0.025848257752066197,39.42708242671172,38.491883976856165,38.68732699866645
29.996864765309134,971555646824184.6,0.025404436867945853,0.025960808760023803,0.02579614205670001,39.363202782178334,38.51960118976984,38.76548662982226
30.094008174705607,1070672201448196.5,0.025445730597613826,0.025942141207931858,0.025744237247490174,39.29932356093462,38.54731928196614,38.84364451689051
30.191151584102077,1179900468594948.0,0.02548715851490658,0.025923499894409698,0.025692542042468156,39.235444759961524,38.57503824997203,38.921800666787384
30.288294993498546,1300272029018339.0,0.025528721276928214,0.025904884766522,0.0256410551700639,39.171566376250816,38.60275809033295,38.99995508638453
30.38543840289502,1432923703692402.2,0.02557041954507328,0.025886295771462783,0.02558977536900039,39.10768840680491,38.63047879961282,39.07810778250934
30.482581812291492,1579108290250387.5,0.02561225398506192,0.02586773285655522,0.02553870138818946,39.04381084863674,38.65820037439373,39.156258761945374
30.579725221687962,1740206394738220.2,0.025654225266975337,0.025849195969251247,0.02548783198662898,38.979933698769656,38.68592281127598,39.23440803143257
30.67686863108443,1917739470424549.8,0.025696334065291742,0.025830685057131413,0.0254371659333011,38.91605695423724,38.71364610687772,39.31255559766777
30.774012040480905,2113384186809339.5,0.025738581058922447,0.025812200067904495,0.02538670200707195,38.85218061208325,38.74137025783493,39.390701467304844
30.871155449877378,2328988264535746.5,0.025780966931248542,0.025793740949407267,0.025336438996592336,38.78830466936141,38.76909526080124,39.468845646955224
30.968298859273848,2566587925754436.0,0.02582349237015775,0.025775307649604184,0.025286375700199763,38.72442912313534,38.796821112447766,39.54698814318811
31.065442268670317,2828427124746189.0,0.02586615806808175,0.025756900116587163,0.025236510925821645,38.66055397047841,38.82454780946294,39.62512896253079
31.16258567806679,3116978740421862.5,0.025908964722033835,0.025738518298575215,0.02518684349087957,38.596679208473624,38.85227534855245,39.70326811146902
31.259729087463263,3434967930847323.0,0.025951913033646978,0.025720162143914243,0.02513737222219479,38.53280483421348,38.88000372643896,39.78140559644736
31.356872496859733,3785397870359738.5,0.02599500370921221,0.02570183160107668,0.025088095955894837,38.46893084479985,38.90773293986211,39.85954142386937
31.454015906256203,4171578112343357.5,0.026038237459717457,0.025683526618661294,0.02503901353732125,38.40505723734386,38.935462985578226,39.93767560009807
31.551159315652676,4597155845530303.0,0.02608161500088674,0.0256652471453928,0.024990123820938348,38.341184008965755,38.963193860360356,40.01580813145612
31.64830272504915,5066150339019213.0,0.026125137053219696,0.025646993130121677,0.02494142567024315,38.277311156794816,38.990925560997944,40.093939024226245
31.74544613444562,5582990901319711.0,0.02616880434203166,0.025628764521823808,0.024892917957676352,38.213438677969165,39.01865808429682,40.172068284651424
31.842589543842088,6152558711917937.0,0.026212617597493937,0.025610561269600245,0.024844599564534303,38.14956656963573,39.04639142707898,40.25019591893528
31.93973295323856,6780232920431501.0,0.026256577554674674,0.025592383322676878,0.024796469380882123,38.08569482895008,39.07412558618254,40.328321933242314
32.036876362635034,7471941448726521.0,0.026300684953580036,0.025574230630404194,0.024748526305467703,38.02182345307629,39.10186055846151,40.40644633369824
32.13401977203151,8234216975785591.0,0.026344940539195803,0.025556103142256956,0.024700769245636876,37.957952439186855,39.12959634078571,40.484569126390234
32.23116318142797,9074258634062368.0,0.02638934506152945,0.02553800080783394,0.024653197117249438,37.89408178446256,39.157332930040624,40.56269031736725
32.32830659082445,1.0000000000000014e+16,0.02643389927565255,0.025519923576857624,0.02460580884459624,37.830211486092374,39.185070323127285,40.64080991264033
32.32830659082445,1.0000000000000014e+16,0.02643389927565255,0.025519923576857624,0.02460580884459624,37.830211486092374,39.185070323127285,40.64080991264033
32.423724212580716,1.1001181924964428e+16,0.026477808430177427,0.02550219188431114,0.02455944039405146,37.76747621076806,39.21231573099396,40.717540137527315
32.519141834336985,1.2102600374616384e+16,0.02652186346368947,0.025484484315389803,0.024513247291232106,37.70474127389575,39.23956190850254,40.79426883429189
32.614559456093254,1.3314290848629728e+16,0.026566065106239274,0.025466800822795392,0.024467228540048715,37.64200667283395,39.266808852759304,40.870996008525
32.70997707784952,1.4647293582766444e+16,0.02661041409275189,0.025449141359343747,0.024421383151962222,37.57927240494836,39.29405656088457,40.947721665783355
32.8053946996058,1.6113754141237856e+16,0.0266549111630676,0.02543150587796456,0.024375710145912464,37.51653846761177,39.32130503001249,41.02444581158957
32.90081232136207,1.7727034080190632e+16,0.02669955706198322,0.025413894331701086,0.024330208548247415,37.453804858203924,39.348554257290985,41.1011684514325
32.99622994311834,1.9501832690622132e+16,0.02674435253929368,0.02539630667370991,0.024284877392653295,37.39107157411147,39.375804239881596,41.17788959076737
33.091647564874606,2.1454320929975224e+16,0.026789298349834147,0.02537874285726064,0.024239715720085365,37.32833861272783,39.40305497495943,41.254609235016154
33.187065186630875,2.3602288762722908e+16,0.026834395253522512,0.025361202835735695,0.024194722578699618,37.265605971453056,39.430306459712966,41.33132738956772
33.282482808387144,2.596530725242579e+16,0.02687964401540229,0.025343686562629995,0.024149897023785182,37.20287364769379,39.457558691344026,41.408044059778064
33.37790043014341,2.8564906882153396e+16,0.026925045405686004,0.02532619399155073,0.024105238117697474,37.14014163886316,39.48481166706761,41.484759250970626
33.47331805189968,3.1424773728023744e+16,0.026970600199798987,0.02530872507621708,0.024060744929792162,37.07740994238063,39.512065384111835,41.5614729684364
33.56873567365595,3.457096527328313e+16,0.0270163091784236,0.02529127977045996,0.024016416536359803,37.01467855567198,39.53931983971776,41.63818521743424
33.66415329541222,3.803214782930147e+16,0.027062173127543984,0.025273858028221772,0.02397225202056124,36.951947476169096,39.56657503113934,41.71489600319111
33.759570917168496,4.183985772672888e+16,0.027108192838491158,0.025256459803556102,0.023928250472363737,36.88921670130999,39.59383095564329,41.79160533090222
33.854988538924765,4.602878865663723e+16,0.027154369107988692,0.025239085050627507,0.023884410988477822,36.82648622853861,39.62108761050898,41.86831320573131
33.950406160681034,5.063710777974044e+16,0.02720070273819872,0.0252217337237112,0.023840732672294782,36.76375605530483,39.648344993028374,41.94501963281086
34.0458237824373,5.570680348389553e+16,0.027247194536768594,0.025204405777192823,0.02379721463382493,36.70102617906423,39.67560310050588,42.021724617242306
34.14124140419357,6.12840679584576e+16,0.02729384531687782,0.025187101165568198,0.023753855989636512,36.63829659727812,39.702861930258216,42.09842816409624
34.23665902594984,6.741971807128744e+16,0.027340655897285668,0.025169819843443006,0.023710655862795298,36.57556730741336,39.73012147961441,42.17513027841263
34.33207664770611,7.416965838320438e+16,0.027387627102379093,0.02515256176553258,0.02366761338280483,36.512838306942356,39.757381745915616,42.25183096520105
34.42749426946238,8.159539051860931e+16,0.02743475976222133,0.025135326886661636,0.023624727685547353,36.450109593342845,39.78464272651501,42.32853022944088
34.522911891218655,8.976457353337437e+16,0.027482054712600856,0.025118115161763963,0.0235819979132254,36.38738116409789,39.811904418777786,42.40522807608146
34.618329512974924,9.87516403857497e+16,0.02752951279508091,0.025100926545882217,0.023539423214303957,36.32465301669575,39.839166820080955,42.48192451004239
34.71374713473119,1.0863847612722952e+17,0.02757713485704955,0.025083760994167655,0.02349700274345337,36.26192514862978,39.86642992781325,42.558619536213634
34.80916475648746,1.1951516399265549e+17,0.027624921751770164,0.02506661846187982,0.023454735661492757,36.199197557398385,39.893693739375124,42.635313159455826
34.90458237824373,1.314808061875159e+17,0.02767287433843261,0.025049498904386347,0.023412621135334134,36.13647024050484,39.920958252178565,42.712005384600374
35.0,1.446444268509849e+17,0.027720993482204772,0.025032402277162642,0.023370658337927095,36.07374319545728,39.94822346364703,42.788696216449715
